,Wavelength(nm),Correction(per_sec)
0,350,1.0353293116492774e-06
1,351,1.0124840903988883e-06
2,352,9.920583540598275e-07
3,353,9.715865603609454e-07
4,354,9.481860934965204e-07
5,355,9.248112644351064e-07
6,356,9.02231548682002e-07
7,357,8.791793865641125e-07
8,358,8.591349247031033e-07
9,359,8.392570296260966e-07
10,360,8.17998199491831e-07
11,361,7.965398830213753e-07
12,362,7.781284324430183e-07
13,363,7.615153529916317e-07
14,364,7.448866999554926e-07
15,365,7.268795411964519e-07
16,366,7.130990190698993e-07
17,367,7.008842324835934e-07
18,368,6.882868255621295e-07
19,369,6.777950318009599e-07
20,370,6.68214376142522e-07
21,371,6.599114921192112e-07
22,372,6.534255861403641e-07
23,373,6.473022449707385e-07
24,374,6.413639101932255e-07
25,375,6.370408983608527e-07
26,376,6.35372971968888e-07
27,377,6.336377300063805e-07
28,378,6.324274979799371e-07
29,379,6.321224412509016e-07
30,380,6.328408556595798e-07
31,381,6.340752161310918e-07
32,382,6.36266156054889e-07
33,383,6.387590194803022e-07
34,384,6.401531726659774e-07
35,385,6.417872389435774e-07
36,386,6.444103351303212e-07
37,387,6.476250425752147e-07
38,388,6.500254084296365e-07
39,389,6.529777871109674e-07
40,390,6.553129033880103e-07
41,391,6.566621050795437e-07
42,392,6.59057759311383e-07
43,393,6.596665580740268e-07
44,394,6.597696578667857e-07
45,395,6.604160458300399e-07
46,396,6.594813726357267e-07
47,397,6.581313118162712e-07
48,398,6.564726697938712e-07
49,399,6.542185370530496e-07
50,400,6.511030711394265e-07
51,401,6.476204134841403e-07
52,402,6.435823794503261e-07
53,403,6.388607561323748e-07
54,404,6.343702238376901e-07
55,405,6.291035631223071e-07
56,406,6.231644821761331e-07
57,407,6.175083526049005e-07
58,408,6.109455273795141e-07
59,409,6.03747790452689e-07
60,410,5.961050469309173e-07
61,411,5.878175767133934e-07
62,412,5.796894377792222e-07
63,413,5.71565913099997e-07
64,414,5.630986016450833e-07
65,415,5.54020729581773e-07
66,416,5.446125714855457e-07
67,417,5.352059032267529e-07
68,418,5.259527613887159e-07
69,419,5.162848261035099e-07
70,420,5.069175089019407e-07
71,421,4.976027617085819e-07
72,422,4.877213638311662e-07
73,423,4.780075264628998e-07
74,424,4.686105240854974e-07
75,425,4.594428084908534e-07
76,426,4.502439158587506e-07
77,427,4.4117551028329123e-07
78,428,4.3205961361677963e-07
79,429,4.229858533030884e-07
80,430,4.145479224633254e-07
81,431,4.062046390556008e-07
82,432,3.98008584715999e-07
83,433,3.901117211483304e-07
84,434,3.824593346097323e-07
85,435,3.7506901572657063e-07
86,436,3.680061455514023e-07
87,437,3.6133045094680153e-07
88,438,3.5485824889856197e-07
89,439,3.486743241007141e-07
90,440,3.428525498830326e-07
91,441,3.374439454374761e-07
92,442,3.325278089596561e-07
93,443,3.2798364627755273e-07
94,444,3.2372798787629307e-07
95,445,3.1980005934061317e-07
96,446,3.1624024956965055e-07
97,447,3.130500507062646e-07
98,448,3.101936587837274e-07
99,449,3.076137794680163e-07
100,450,3.052390472299588e-07
101,451,3.0315603885902e-07
102,452,3.014640354931191e-07
103,453,3.0014882403930526e-07
104,454,2.990231627864888e-07
105,455,2.980611120576145e-07
106,456,2.974436666360521e-07
107,457,2.9697949944670213e-07
108,458,2.966320886432399e-07
109,459,2.9646145159581866e-07
110,460,2.966938276482903e-07
111,461,2.9686622847153055e-07
112,462,2.970993058616068e-07
113,463,2.9764433295233603e-07
114,464,2.9823648193251773e-07
115,465,2.989679225461481e-07
116,466,2.99812027191362e-07
117,467,3.006307379737104e-07
118,468,3.014440300571675e-07
119,469,3.023519711251361e-07
120,470,3.033774248479351e-07
121,471,3.0437657819419755e-07
122,472,3.0526243448215324e-07
123,473,3.061797056819616e-07
124,474,3.0728076804567235e-07
125,475,3.084216841406132e-07
126,476,3.096577220016217e-07
127,477,3.1094896003952706e-07
128,478,3.122187036269204e-07
129,479,3.137003561230035e-07
130,480,3.151987287102761e-07
131,481,3.166086456617705e-07
132,482,3.180411261883547e-07
133,483,3.196092860563265e-07
134,484,3.2111274502547547e-07
135,485,3.2237829260021173e-07
136,486,3.236703691795716e-07
137,487,3.2490226591491376e-07
138,488,3.260008848214601e-07
139,489,3.269385742749078e-07
140,490,3.2781843944497016e-07
141,491,3.285624246553736e-07
142,492,3.291469080806868e-07
143,493,3.296272713987119e-07
144,494,3.299145565576761e-07
145,495,3.3006843580586787e-07
146,496,3.3016048564844173e-07
147,497,3.30154813485716e-07
148,498,3.299518344693406e-07
149,499,3.2958993731427777e-07
150,500,3.2916312529587896e-07
151,501,3.286469468111364e-07
152,502,3.2794663805981154e-07
153,503,3.270806712272062e-07
154,504,3.261857027477287e-07
155,505,3.250025907918556e-07
156,506,3.2367553342287664e-07
157,507,3.223422357588725e-07
158,508,3.2089435261094673e-07
159,509,3.1926502983837716e-07
160,510,3.174991644145012e-07
161,511,3.1567933772965775e-07
162,512,3.136514951569815e-07
163,513,3.1147909297661816e-07
164,514,3.092284771716949e-07
165,515,3.069297371245783e-07
166,516,3.0438181165432775e-07
167,517,3.01755877399405e-07
168,518,2.9918395156479214e-07
169,519,2.9643559567093107e-07
170,520,2.9366256459716996e-07
171,521,2.9090324861208874e-07
172,522,2.8813074866454906e-07
173,523,2.8535425321888477e-07
174,524,2.826497829290798e-07
175,525,2.8004904063934596e-07
176,526,2.7752722309616996e-07
177,527,2.750193947658412e-07
178,528,2.7260511012314107e-07
179,529,2.7034896529107915e-07
180,530,2.6817009464998923e-07
181,531,2.660489185300695e-07
182,532,2.639430662989159e-07
183,533,2.618312295601255e-07
184,534,2.5987168351863094e-07
185,535,2.5794110158722583e-07
186,536,2.5595985757350063e-07
187,537,2.539434996041502e-07
188,538,2.519041586295548e-07
189,539,2.497935569939334e-07
190,540,2.475493021809351e-07
191,541,2.45115007788175e-07
192,542,2.4255835969626897e-07
193,543,2.3990309786202457e-07
194,544,2.371422908517164e-07
195,545,2.3436577421978286e-07
196,546,2.31559663458445e-07
197,547,2.2872427162890373e-07
198,548,2.2588963801226411e-07
199,549,2.2313223053547756e-07
200,550,2.205129908169862e-07
201,551,2.1809688802037282e-07
202,552,2.1600409782192458e-07
203,553,2.1420412676139737e-07
204,554,2.1268893355416345e-07
205,555,2.1147430101550783e-07
206,556,2.105200000877842e-07
207,557,2.0971459315293363e-07
208,558,2.0894916320557517e-07
209,559,2.0818056165679297e-07
210,560,2.073516890391055e-07
211,561,2.0649484426373783e-07
212,562,2.056873856847e-07
213,563,2.0495062136950539e-07
214,564,2.0429139343446036e-07
215,565,2.0368317776189276e-07
216,566,2.0306019446631253e-07
217,567,2.0253797924905896e-07
218,568,2.021600197684298e-07
219,569,2.019532573651792e-07
220,570,2.0195791376057501e-07
221,571,2.0223276457896782e-07
222,572,2.027504652284604e-07
223,573,2.034410782812042e-07
224,574,2.043735339613405e-07
225,575,2.054668035989747e-07
226,576,2.066221224178231e-07
227,577,2.0774975568949935e-07
228,578,2.0872765871308087e-07
229,579,2.095377471912514e-07
230,580,2.1021487643523296e-07
231,581,2.1081545746085428e-07
232,582,2.114083211951028e-07
233,583,2.1199466975853418e-07
234,584,2.125200375750182e-07
235,585,2.1302262937864452e-07
236,586,2.1339894319660264e-07
237,587,2.1352500605829095e-07
238,588,2.1325453925466785e-07
239,589,2.127902352057057e-07
240,590,2.1222442333664108e-07
241,591,2.11611965604796e-07
242,592,2.1107304106897198e-07
243,593,2.1050642724843773e-07
244,594,2.0991082915149758e-07
245,595,2.0942701511456395e-07
246,596,2.0928448136851445e-07
247,597,2.0943738918952416e-07
248,598,2.0974097450263225e-07
249,599,2.100374354163039e-07
250,600,2.1034609370971053e-07
251,601,2.1065070637209095e-07
252,602,2.108964068862586e-07
253,603,2.1105733283945438e-07
254,604,2.1113927416208122e-07
255,605,2.1113593397866524e-07
256,606,2.1101338844554888e-07
257,607,2.1067942637002207e-07
258,608,2.101784633278734e-07
259,609,2.0962212708591496e-07
260,610,2.0906336025618165e-07
261,611,2.086555871995531e-07
262,612,2.084390081920085e-07
263,613,2.0833651005195736e-07
264,614,2.0840270047890008e-07
265,615,2.0860983677623566e-07
266,616,2.089468784433214e-07
267,617,2.094891826451923e-07
268,618,2.10108351684186e-07
269,619,2.107875530927469e-07
270,620,2.1156596768345865e-07
271,621,2.123706444043273e-07
272,622,2.1323532080217894e-07
273,623,2.14195157630562e-07
274,624,2.1524747181390804e-07
275,625,2.163877668317568e-07
276,626,2.1757892176566823e-07
277,627,2.187916823063498e-07
278,628,2.2012874562677693e-07
279,629,2.2148557862919323e-07
280,630,2.228168451915637e-07
281,631,2.241408828154014e-07
282,632,2.2544688640676235e-07
283,633,2.2676247449444836e-07
284,634,2.280840709119649e-07
285,635,2.2931303290669262e-07
286,636,2.3055029553300702e-07
287,637,2.317853888502885e-07
288,638,2.329582874647344e-07
289,639,2.3408801797436363e-07
290,640,2.3518236112785918e-07
291,641,2.3625031853910627e-07
292,642,2.3729924290711328e-07
293,643,2.3827780860690708e-07
294,644,2.392383156410944e-07
295,645,2.402159087232478e-07
296,646,2.4107431654817014e-07
297,647,2.419217017660839e-07
298,648,2.427626897149657e-07
299,649,2.4353091618066e-07
300,650,2.442808238748195e-07
301,651,2.449728530233654e-07
302,652,2.4559704411204764e-07
303,653,2.4625228737711417e-07
304,654,2.46842393405328e-07
305,655,2.4740508079066276e-07
306,656,2.480078069187359e-07
307,657,2.4852164856614465e-07
308,658,2.489915112672235e-07
309,659,2.4942488307818273e-07
310,660,2.497796923568772e-07
311,661,2.501251192743673e-07
312,662,2.504805043983932e-07
313,663,2.5083325949422027e-07
314,664,2.511318929389552e-07
315,665,2.513557381181845e-07
316,666,2.5156179634628365e-07
317,667,2.5183046597420917e-07
318,668,2.519711729801221e-07
319,669,2.521123053546169e-07
320,670,2.522809539856256e-07
321,671,2.522847070740191e-07
322,672,2.523493873627483e-07
323,673,2.5245428147086586e-07
324,674,2.5251232592724595e-07
325,675,2.524874888444179e-07
326,676,2.5239866959244285e-07
327,677,2.5229585026811863e-07
328,678,2.522345858220154e-07
329,679,2.521746817511787e-07
330,680,2.521059819670365e-07
331,681,2.5200274641556266e-07
332,682,2.5180198838858704e-07
333,683,2.5162871038674404e-07
334,684,2.5145271454583755e-07
335,685,2.512056105480562e-07
336,686,2.509681124186939e-07
337,687,2.507147263970354e-07
338,688,2.504228097931741e-07
339,689,2.501048245581941e-07
340,690,2.4979016025283e-07
341,691,2.4945365173439144e-07
342,692,2.4906793256886665e-07
343,693,2.4864887567129176e-07
344,694,2.48239511526566e-07
345,695,2.4782969546966836e-07
346,696,2.4738842282494083e-07
347,697,2.469075631322984e-07
348,698,2.4643799622911104e-07
349,699,2.4597409592875416e-07
350,700,2.4542612082422717e-07
351,701,2.4483789810752714e-07
352,702,2.4426458352994954e-07
353,703,2.4371605455978485e-07
354,704,2.43120912603017e-07
355,705,2.4253728401888825e-07
356,706,2.4194957483887164e-07
357,707,2.412948756231056e-07
358,708,2.40604872270488e-07
359,709,2.399022445863322e-07
360,710,2.39203426166039e-07
361,711,2.38545821479496e-07
362,712,2.3787061264984743e-07
363,713,2.371959641447666e-07
364,714,2.365460480027316e-07
365,715,2.358494681409046e-07
366,716,2.3512957225681838e-07
367,717,2.3440218937173572e-07
368,718,2.3367622199308667e-07
369,719,2.329430643910004e-07
370,720,2.3219959986662416e-07
371,721,2.3145627729966186e-07
372,722,2.3076431338837626e-07
373,723,2.3003158122225996e-07
374,724,2.2929952753761814e-07
375,725,2.2863022997658808e-07
376,726,2.2785625831306394e-07
377,727,2.2712111523246542e-07
378,728,2.2645324035646944e-07
379,729,2.2573292452853373e-07
380,730,2.25080822360877e-07
381,731,2.2444927811701917e-07
382,732,2.2379621172065034e-07
383,733,2.231806686500509e-07
384,734,2.2257178668021506e-07
385,735,2.219638529430103e-07
386,736,2.2137008973531778e-07
387,737,2.2082058026620205e-07
388,738,2.2031461343563812e-07
389,739,2.198309729341929e-07
390,740,2.1933169637313835e-07
391,741,2.1886999077795782e-07
392,742,2.1842632698823569e-07
393,743,2.1798956529521406e-07
394,744,2.1760245426121755e-07
395,745,2.1725138961898105e-07
396,746,2.1693203296412857e-07
397,747,2.1664575621115706e-07
398,748,2.1637359119669873e-07
399,749,2.161034654164963e-07
400,750,2.158426411319005e-07
401,751,2.1561383525066632e-07
402,752,2.1541507651670628e-07
403,753,2.152374653512167e-07
404,754,2.1508367247033402e-07
405,755,2.149983170179468e-07
406,756,2.148953033551699e-07
407,757,2.1479654183366922e-07
408,758,2.1476861874330797e-07
409,759,2.1474452457818202e-07
410,760,2.1475675339387373e-07
411,761,2.1479395667789668e-07
412,762,2.1478626404729007e-07
413,763,2.1482774059137543e-07
414,764,2.1487785414653403e-07
415,765,2.149123307787651e-07
416,766,2.15029181214895e-07
417,767,2.1514767365660593e-07
418,768,2.1527189810918757e-07
419,769,2.1543176824173264e-07
420,770,2.1557630568981428e-07
421,771,2.1577483309847112e-07
422,772,2.160238680918618e-07
423,773,2.1623296166677938e-07
424,774,2.164731156614642e-07
425,775,2.167604299992637e-07
426,776,2.1709361408211257e-07
427,777,2.1745567599130002e-07
428,778,2.1782510061622936e-07
429,779,2.1823824130529717e-07
430,780,2.1872215346065267e-07
431,781,2.1913048418695752e-07
432,782,2.1959054496649496e-07
433,783,2.2012060808100062e-07
434,784,2.206429244005362e-07
435,785,2.2122010743311802e-07
436,786,2.2181321685753024e-07
437,787,2.2241397822795864e-07
438,788,2.2308737984675236e-07
439,789,2.2378582460962643e-07
440,790,2.245171622260412e-07
441,791,2.252882817206434e-07
442,792,2.260444883802448e-07
443,793,2.2686019833843838e-07
444,794,2.2771905415417039e-07
445,795,2.2856014935333901e-07
446,796,2.2947010340102987e-07
447,797,2.303775807262432e-07
448,798,2.3128461981283449e-07
449,799,2.3228991446637873e-07
450,800,2.332710487137321e-07
451,801,2.3427249871495613e-07
452,802,2.3534296845771133e-07
453,803,2.3644489945073006e-07
454,804,2.3761832853117248e-07
455,805,2.388224201149263e-07
456,806,2.400129921618363e-07
457,807,2.412973563448887e-07
458,808,2.4254691152119205e-07
459,809,2.437782919916723e-07
460,810,2.4512123124193625e-07
461,811,2.4648000004127064e-07
462,812,2.478750053038607e-07
463,813,2.4931603562461096e-07
464,814,2.507651605551987e-07
465,815,2.5227767841241015e-07
466,816,2.5381538506812725e-07
467,817,2.553473929296352e-07
468,818,2.5693694021500347e-07
469,819,2.5850507832953096e-07
470,820,2.600637157157485e-07
471,821,2.616581931611665e-07
472,822,2.6332052413987203e-07
473,823,2.6504831274540035e-07
474,824,2.668033802531359e-07
475,825,2.685350632440295e-07
476,826,2.703571862779553e-07
477,827,2.72159058910939e-07
478,828,2.73939862503302e-07
479,829,2.7589700323036274e-07
480,830,2.7779682426775435e-07
481,831,2.797457394677259e-07
482,832,2.8183945652668654e-07
483,833,2.83912303067126e-07
484,834,2.8600188042557475e-07
485,835,2.8812290683220137e-07
486,836,2.9027589167756013e-07
487,837,2.92489196000192e-07
488,838,2.946932962791296e-07
489,839,2.9689839146748405e-07
490,840,2.991680440549933e-07
491,841,3.014563362697248e-07
492,842,3.037979549915937e-07
493,843,3.062101838005843e-07
494,844,3.0867991329624986e-07
495,845,3.112189008165122e-07
496,846,3.1378486873126416e-07
497,847,3.163600362661459e-07
498,848,3.1897225603191105e-07
499,849,3.216018430853578e-07
500,850,3.242173239321234e-07
501,851,3.2681791463682284e-07
502,852,3.294995853896587e-07
503,853,3.322755670311608e-07
504,854,3.350698788692535e-07
505,855,3.3782195740929537e-07
506,856,3.408048653839218e-07
507,857,3.4375843706063803e-07
508,858,3.4665877560336323e-07
509,859,3.4966044357675076e-07
510,860,3.52703887963724e-07
511,861,3.557443930324974e-07
512,862,3.5880749385348404e-07
513,863,3.619682825143916e-07
514,864,3.6514203990525395e-07
515,865,3.683569922437585e-07
516,866,3.7163963711073925e-07
517,867,3.7498188280175516e-07
518,868,3.782846902539847e-07
519,869,3.8167731152063775e-07
520,870,3.852186990269722e-07
521,871,3.887078573999909e-07
522,872,3.922523908427193e-07
523,873,3.9582014834067714e-07
524,874,3.993832093095617e-07
525,875,4.0312030382429187e-07
526,876,4.069116712158711e-07
527,877,4.1078844737188105e-07
528,878,4.148016239152046e-07
529,879,4.1869696781216814e-07
530,880,4.226979264797456e-07
531,881,4.268298624483329e-07
532,882,4.3095630380499833e-07
533,883,4.351887691782847e-07
534,884,4.394132486484029e-07
535,885,4.436714195739536e-07
536,886,4.481306408008585e-07
537,887,4.5252133294554165e-07
538,888,4.57005620662628e-07
539,889,4.6161825128709137e-07
540,890,4.6623140195239047e-07
541,891,4.710653355764734e-07
542,892,4.7596069276855725e-07
543,893,4.808790655617669e-07
544,894,4.859791520071137e-07
545,895,4.910259317448101e-07
546,896,4.962216525222626e-07
547,897,5.016152236556961e-07
548,898,5.068404247609119e-07
549,899,5.123402583074247e-07
550,900,5.178495205139513e-07
551,901,5.232209136290779e-07
552,902,5.290093405938941e-07
553,903,5.3475810348452e-07
554,904,5.405313459631931e-07
555,905,5.464969549000708e-07
556,906,5.524291148979583e-07
557,907,5.586035079035701e-07
558,908,5.649415532386139e-07
559,909,5.713273449072168e-07
560,910,5.779350899621818e-07
561,911,5.845301301733342e-07
562,912,5.912357216194598e-07
563,913,5.982218254799428e-07
564,914,6.051779107515327e-07
565,915,6.124235251156348e-07
566,916,6.197681237055512e-07
567,917,6.269571302814183e-07
568,918,6.344552902859862e-07
569,919,6.421011885276555e-07
570,920,6.498960068306085e-07
571,921,6.578443297193366e-07
572,922,6.65721513152559e-07
573,923,6.737961791775516e-07
574,924,6.82056986303014e-07
575,925,6.904162562741125e-07
576,926,6.992498891042288e-07
577,927,7.080892977300782e-07
578,928,7.170091410047544e-07
579,929,7.263546995061541e-07
580,930,7.358226575727817e-07
581,931,7.454980214923206e-07
582,932,7.553061009871534e-07
583,933,7.651692764269256e-07
584,934,7.754276527407502e-07
585,935,7.858111825531124e-07
586,936,7.962511712036899e-07
587,937,8.068455309276054e-07
588,938,8.178253720677321e-07
589,939,8.288635622440636e-07
590,940,8.398492889037497e-07
591,941,8.509495732619351e-07
592,942,8.627281926283469e-07
593,943,8.745676630807926e-07
594,944,8.865777005478547e-07
595,945,8.991070613373265e-07
596,946,9.116378200383889e-07
597,947,9.242644128993986e-07
598,948,9.371540607953488e-07
599,949,9.504520167017135e-07
600,950,9.638696919488606e-07
601,951,9.77593604486212e-07
602,952,9.9162218013222e-07
603,953,1.0058793517413318e-06
604,954,1.0204158589636337e-06
605,955,1.0353964480777355e-06
606,956,1.0506779344210854e-06
607,957,1.0660854306994859e-06
608,958,1.0819340470653915e-06
609,959,1.09802536015558e-06
610,960,1.1144298193372137e-06
611,961,1.131221466426653e-06
612,962,1.1483873554616684e-06
613,963,1.1658604655330387e-06
614,964,1.1836449131529076e-06
615,965,1.2018317634851157e-06
616,966,1.2205698286167309e-06
617,967,1.2392128335285928e-06
618,968,1.258419849028965e-06
619,969,1.2785655426536558e-06
620,970,1.2989358806148948e-06
621,971,1.3196973835393535e-06
622,972,1.3404499036289488e-06
623,973,1.3614687149000447e-06
624,974,1.3837454171934127e-06
625,975,1.40625492758733e-06
626,976,1.4290816630862117e-06
627,977,1.4524012939397348e-06
628,978,1.4763019572409893e-06
629,979,1.5005656335906387e-06
630,980,1.525619562813623e-06
631,981,1.5515284731835602e-06
632,982,1.5780148835554483e-06
633,983,1.6049308916539675e-06
634,984,1.6325325742175475e-06
635,985,1.660699001816296e-06
636,986,1.6893010394018885e-06
637,987,1.7191470743596568e-06
638,988,1.7501628801606845e-06
639,989,1.7817558816164238e-06
640,990,1.8135013542165075e-06
641,991,1.8461170718672662e-06
642,992,1.880484497344421e-06
643,993,1.9156929717061144e-06
644,994,1.9510814909646856e-06
645,995,1.9874317368939875e-06
646,996,2.0251572074183114e-06
647,997,2.063683082060477e-06
648,998,2.1026983228616187e-06
649,999,2.142503854901028e-06
650,1000,2.1838610783736127e-06
651,1001,1.165291752614118e-06
652,1002,1.1566275907468495e-06
653,1003,1.1478979159077061e-06
654,1004,1.1392377602029552e-06
655,1005,1.1308586071036395e-06
656,1006,1.1223781057969332e-06
657,1007,1.1139414879343926e-06
658,1008,1.1056589659956978e-06
659,1009,1.097281737968427e-06
660,1010,1.088850835878409e-06
661,1011,1.0804583646444617e-06
662,1012,1.0720549663297412e-06
663,1013,1.0635367607459093e-06
664,1014,1.0551823893525078e-06
665,1015,1.046832952489014e-06
666,1016,1.0385263744575296e-06
667,1017,1.0303624458012122e-06
668,1018,1.0222416228931741e-06
669,1019,1.0142564183668433e-06
670,1020,1.0064172798435217e-06
671,1021,9.986414668676757e-07
672,1022,9.911041281117932e-07
673,1023,9.83730760765375e-07
674,1024,9.765444142147898e-07
675,1025,9.695185210363004e-07
676,1026,9.62724909458819e-07
677,1027,9.562651543325242e-07
678,1028,9.501377381335634e-07
679,1029,9.442618419983613e-07
680,1030,9.38557609226248e-07
681,1031,9.329273217241458e-07
682,1032,9.274622533587291e-07
683,1033,9.222104460741247e-07
684,1034,9.170910118011501e-07
685,1035,9.122206817701359e-07
686,1036,9.075969991055106e-07
687,1037,9.031221100323754e-07
688,1038,8.987805257332365e-07
689,1039,8.946858820708067e-07
690,1040,8.907239668059531e-07
691,1041,8.866577759637432e-07
692,1042,8.826845306033364e-07
693,1043,8.788531269509998e-07
694,1044,8.751541089061552e-07
695,1045,8.715724739344102e-07
696,1046,8.679134675135128e-07
697,1047,8.643104040636924e-07
698,1048,8.606956243529009e-07
699,1049,8.570760051799253e-07
700,1050,8.535227861827392e-07
701,1051,8.500866539301435e-07
702,1052,8.464935166250382e-07
703,1053,8.428917805403755e-07
704,1054,8.392822309559168e-07
705,1055,8.354411520150072e-07
706,1056,8.315773276150708e-07
707,1057,8.277168367250997e-07
708,1058,8.237759810556154e-07
709,1059,8.198973219966094e-07
710,1060,8.160214221119764e-07
711,1061,8.119976898742303e-07
712,1062,8.07923444503236e-07
713,1063,8.03690330336362e-07
714,1064,7.993397536592336e-07
715,1065,7.948563832944498e-07
716,1066,7.903925160067992e-07
717,1067,7.858781907715531e-07
718,1068,7.812090916858338e-07
719,1069,7.765003719996359e-07
720,1070,7.717288676542802e-07
721,1071,7.668113067911083e-07
722,1072,7.61731235688834e-07
723,1073,7.566210925936535e-07
724,1074,7.51395090875193e-07
725,1075,7.461058071792931e-07
726,1076,7.407825022357514e-07
727,1077,7.353464870087478e-07
728,1078,7.297700121554511e-07
729,1079,7.240755256537164e-07
730,1080,7.182611981657806e-07
731,1081,7.122828147763043e-07
732,1082,7.061677549595175e-07
733,1083,7.000531137399266e-07
734,1084,6.939089466003738e-07
735,1085,6.876955161265279e-07
736,1086,6.81396694220733e-07
737,1087,6.749911265065407e-07
738,1088,6.684503770855658e-07
739,1089,6.618574840010091e-07
740,1090,6.552850933987471e-07
741,1091,6.487571137005868e-07
742,1092,6.422466195270481e-07
743,1093,6.357580083380082e-07
744,1094,6.292334286517729e-07
745,1095,6.22703274760971e-07
746,1096,6.162959500862166e-07
747,1097,6.098976808852815e-07
748,1098,6.035600951240338e-07
749,1099,5.973116778571289e-07
750,1100,5.911490013197229e-07
751,1101,5.851077953452665e-07
752,1102,5.791777828183259e-07
753,1103,5.733520274328673e-07
754,1104,5.67720858100848e-07
755,1105,5.622729397878426e-07
756,1106,5.569342805097324e-07
757,1107,5.517251225842682e-07
758,1108,5.466161630664904e-07
759,1109,5.416688190223871e-07
760,1110,5.367540264735724e-07
761,1111,5.320444589375094e-07
762,1112,5.275251499665132e-07
763,1113,5.231080669873665e-07
764,1114,5.188014294925966e-07
765,1115,5.145759697102489e-07
766,1116,5.104813866825709e-07
767,1117,5.065129205905128e-07
768,1118,5.026388607138692e-07
769,1119,4.98916728472897e-07
770,1120,4.953280496048333e-07
771,1121,4.91852572926238e-07
772,1122,4.884988515428464e-07
773,1123,4.852116670579963e-07
774,1124,4.820114671682649e-07
775,1125,4.789016645703958e-07
776,1126,4.759167951287704e-07
777,1127,4.730492279184806e-07
778,1128,4.7023757159312284e-07
779,1129,4.6749962378137204e-07
780,1130,4.6486484410721546e-07
781,1131,4.6231856760062144e-07
782,1132,4.598118691585525e-07
783,1133,4.5741614378297826e-07
784,1134,4.5510081875307126e-07
785,1135,4.528037457589351e-07
786,1136,4.5053363139603305e-07
787,1137,4.483430762030353e-07
788,1138,4.4623581734120205e-07
789,1139,4.441937128711204e-07
790,1140,4.422410671969901e-07
791,1141,4.4032684682647897e-07
792,1142,4.384739184021265e-07
793,1143,4.3666862086584637e-07
794,1144,4.3491064524232827e-07
795,1145,4.331862484757721e-07
796,1146,4.3152850802443885e-07
797,1147,4.2989361208799986e-07
798,1148,4.2828870739737444e-07
799,1149,4.266832639211495e-07
800,1150,4.251137788123776e-07
801,1151,4.235532209821683e-07
802,1152,4.220158993350008e-07
803,1153,4.2050872815853835e-07
804,1154,4.190284723467489e-07
805,1155,4.17584734794324e-07
806,1156,4.1614553096035004e-07
807,1157,4.1473201453307813e-07
808,1158,4.1331299419481524e-07
809,1159,4.11892303400907e-07
810,1160,4.1053149206666046e-07
811,1161,4.092092948145187e-07
812,1162,4.0787820598286905e-07
813,1163,4.065745956338302e-07
814,1164,4.052920529552586e-07
815,1165,4.0397988136245454e-07
816,1166,4.026888513847084e-07
817,1167,4.014444047209621e-07
818,1168,4.001966532968732e-07
819,1169,3.989173468082705e-07
820,1170,3.9766620242360237e-07
821,1171,3.964208833843044e-07
822,1172,3.951739962537216e-07
823,1173,3.9391876943712893e-07
824,1174,3.9267243696242083e-07
825,1175,3.913994212239793e-07
826,1176,3.9009451334969986e-07
827,1177,3.888201777996226e-07
828,1178,3.87561629695769e-07
829,1179,3.8627865480391175e-07
830,1180,3.849982979529656e-07
831,1181,3.8370224034627554e-07
832,1182,3.823705266530285e-07
833,1183,3.8105185378390664e-07
834,1184,3.797245767729972e-07
835,1185,3.7841242710560116e-07
836,1186,3.77103592084208e-07
837,1187,3.7579684307880456e-07
838,1188,3.7452863344312595e-07
839,1189,3.7324960671640626e-07
840,1190,3.719851888983666e-07
841,1191,3.7073130603816414e-07
842,1192,3.694904377746171e-07
843,1193,3.6825575756712514e-07
844,1194,3.6704285396601213e-07
845,1195,3.6583355693806424e-07
846,1196,3.646327722457013e-07
847,1197,3.6343271913667574e-07
848,1198,3.622850030926931e-07
849,1199,3.611666639703699e-07
850,1200,3.60069308496192e-07
851,1201,3.590000652034284e-07
852,1202,3.579682217697675e-07
853,1203,3.5695776191134913e-07
854,1204,3.559798820540306e-07
855,1205,3.5502636949204084e-07
856,1206,3.5411376549658417e-07
857,1207,3.532183387221341e-07
858,1208,3.5234073095786085e-07
859,1209,3.5151431976543916e-07
860,1210,3.507322679083334e-07
861,1211,3.499847686065165e-07
862,1212,3.4927528476632284e-07
863,1213,3.48596821470299e-07
864,1214,3.479482751557889e-07
865,1215,3.4733290203659724e-07
866,1216,3.4674333485969007e-07
867,1217,3.4619537844792027e-07
868,1218,3.4569550730903064e-07
869,1219,3.4521666982181906e-07
870,1220,3.4478065271883846e-07
871,1221,3.443535664041665e-07
872,1222,3.4394443326087597e-07
873,1223,3.4355342498792963e-07
874,1224,3.4318892350247853e-07
875,1225,3.428227583072372e-07
876,1226,3.4246661276604444e-07
877,1227,3.421354949080419e-07
878,1228,3.417809686634962e-07
879,1229,3.414147466182134e-07
880,1230,3.4105565504698627e-07
881,1231,3.4070397004872343e-07
882,1232,3.4034852589420156e-07
883,1233,3.3999609149821206e-07
884,1234,3.3963750098208994e-07
885,1235,3.3927993114235005e-07
886,1236,3.3890422605560816e-07
887,1237,3.3851851865610363e-07
888,1238,3.381203479978793e-07
889,1239,3.3770836516006135e-07
890,1240,3.372903970515189e-07
891,1241,3.368608356972549e-07
892,1242,3.364373229198873e-07
893,1243,3.360058413389789e-07
894,1244,3.3557506870688303e-07
895,1245,3.351411415938544e-07
896,1246,3.347060352190305e-07
897,1247,3.342857427763736e-07
898,1248,3.338497521324621e-07
899,1249,3.334385184796174e-07
900,1250,3.3304576559797686e-07
901,1251,3.3266038538478646e-07
902,1252,3.3227110936642147e-07
903,1253,3.3192395205953965e-07
904,1254,3.315630950187335e-07
905,1255,3.3127376807178274e-07
906,1256,3.310285548001417e-07
907,1257,3.3081622370862856e-07
908,1258,3.3065708909415475e-07
909,1259,3.305270391845471e-07
910,1260,3.3043998525539535e-07
911,1261,3.3038404508037107e-07
912,1262,3.3037768405217674e-07
913,1263,3.3038125331533e-07
914,1264,3.3042322257043387e-07
915,1265,3.304561320928896e-07
916,1266,3.3047772425851e-07
917,1267,3.3051304703498527e-07
918,1268,3.3051698063592277e-07
919,1269,3.3051900120305746e-07
920,1270,3.304889503889397e-07
921,1271,3.3045527336704914e-07
922,1272,3.303912711616874e-07
923,1273,3.303024138096703e-07
924,1274,3.301777949146453e-07
925,1275,3.3003605522126686e-07
926,1276,3.29842306604686e-07
927,1277,3.2960642847642094e-07
928,1278,3.29335002843291e-07
929,1279,3.290057053832802e-07
930,1280,3.2866126384044225e-07
931,1281,3.2829304408512974e-07
932,1282,3.278885327884602e-07
933,1283,3.2745756488722757e-07
934,1284,3.269833535520304e-07
935,1285,3.264531550158351e-07
936,1286,3.2589767352664396e-07
937,1287,3.2529959901572327e-07
938,1288,3.2467523577506235e-07
939,1289,3.2405367056945815e-07
940,1290,3.234059549380757e-07
941,1291,3.227415230553089e-07
942,1292,3.2205824690297545e-07
943,1293,3.213578713521591e-07
944,1294,3.206183586768744e-07
945,1295,3.1988555142906056e-07
946,1296,3.1915958602253514e-07
947,1297,3.183878565283953e-07
948,1298,3.1760489885586625e-07
949,1299,3.167862232104841e-07
950,1300,3.1591574659495357e-07
951,1301,3.150592739188712e-07
952,1302,3.1420712323926076e-07
953,1303,3.1332295424884226e-07
954,1304,3.124251015439638e-07
955,1305,3.115081649751515e-07
956,1306,3.105653015023206e-07
957,1307,3.096179688153175e-07
958,1308,3.0866200679916726e-07
959,1309,3.07696862638249e-07
960,1310,3.0671344520443746e-07
961,1311,3.057165400251552e-07
962,1312,3.046921240095056e-07
963,1313,3.0365332716105304e-07
964,1314,3.025975239729824e-07
965,1315,3.0150482403993884e-07
966,1316,3.0041358339476685e-07
967,1317,2.993239791223036e-07
968,1318,2.98201777614449e-07
969,1319,2.970650281342707e-07
970,1320,2.959158630745356e-07
971,1321,2.947377657122603e-07
972,1322,2.9355786692503386e-07
973,1323,2.9237519269138265e-07
974,1324,2.9118368727928e-07
975,1325,2.899844801161585e-07
976,1326,2.887729283279434e-07
977,1327,2.875535510194189e-07
978,1328,2.8632599577905196e-07
979,1329,2.8507954770321354e-07
980,1330,2.838221888505091e-07
981,1331,2.8255436707926715e-07
982,1332,2.8129964007530925e-07
983,1333,2.800482185516986e-07
984,1334,2.7880267976479157e-07
985,1335,2.775560489393526e-07
986,1336,2.7631289811475014e-07
987,1337,2.7507770857471916e-07
988,1338,2.738408958100165e-07
989,1339,2.726533999537686e-07
990,1340,2.7146947662794336e-07
991,1341,2.703544669738884e-07
992,1342,2.6926158930395387e-07
993,1343,2.682293138881153e-07
994,1344,2.67228666274889e-07
995,1345,2.663253988884486e-07
996,1346,2.654877062755068e-07
997,1347,2.647010804172817e-07
998,1348,2.639844598778664e-07
999,1349,2.6333525896621454e-07
1000,1350,2.6272173300877674e-07
1001,1351,2.6219218983889835e-07
1002,1352,2.617819176398624e-07
1003,1353,2.6137438727812e-07
1004,1354,2.610513676762887e-07
1005,1355,2.6069843725939775e-07
1006,1356,2.6037773101536616e-07
1007,1357,2.6002025588406056e-07
1008,1358,2.596656762959816e-07
1009,1359,2.592684691045952e-07
1010,1360,2.588443779194154e-07
1011,1361,2.583504376132091e-07
1012,1362,2.5776033883817357e-07
1013,1363,2.570999128203514e-07
1014,1364,2.563673564190779e-07
1015,1365,2.5552563363623053e-07
1016,1366,2.5471633713858856e-07
1017,1367,2.5383655323366626e-07
1018,1368,2.5302148547934384e-07
1019,1369,2.521663657119745e-07
1020,1370,2.514551324619306e-07
1021,1371,2.5075158625648896e-07
1022,1372,2.502321267342578e-07
1023,1373,2.498416687034586e-07
1024,1374,2.4955946931174455e-07
1025,1375,2.494465945071712e-07
1026,1376,2.4934493839095663e-07
1027,1377,2.4939203859453467e-07
1028,1378,2.4936636968874713e-07
1029,1379,2.4944715184003284e-07
1030,1380,2.49347351795676e-07
1031,1381,2.4923570088018824e-07
1032,1382,2.4892379337179667e-07
1033,1383,2.4845839537623884e-07
1034,1384,2.478652192656699e-07
1035,1385,2.470659094227978e-07
1036,1386,2.46236356409316e-07
1037,1387,2.4529426516630714e-07
1038,1388,2.442882452249965e-07
1039,1389,2.432427268839999e-07
1040,1390,2.4220245186020064e-07
1041,1391,2.411864963190127e-07
1042,1392,2.4016700457828956e-07
1043,1393,2.391965857700502e-07
1044,1394,2.3828028370760927e-07
1045,1395,2.3735662918204726e-07
1046,1396,2.3645341660603765e-07
1047,1397,2.3553681578859807e-07
1048,1398,2.3462922337916325e-07
1049,1399,2.3372437757764119e-07
1050,1400,2.3282227907495537e-07
1051,1401,2.3190040271401292e-07
1052,1402,2.309741948127978e-07
1053,1403,2.3004517386867529e-07
1054,1404,2.2909594884502482e-07
1055,1405,2.2816699274466264e-07
1056,1406,2.2724451888617738e-07
1057,1407,2.263337421276317e-07
1058,1408,2.2542537891623394e-07
1059,1409,2.245315713620626e-07
1060,1410,2.2364741651679944e-07
1061,1411,2.2278677693440435e-07
1062,1412,2.2193785076728365e-07
1063,1413,2.211132901933409e-07
1064,1414,2.2031134651108473e-07
1065,1415,2.1954582583877514e-07
1066,1416,2.188107620560819e-07
1067,1417,2.1808442816231894e-07
1068,1418,2.1738346031874714e-07
1069,1419,2.1670685828046616e-07
1070,1420,2.1605592585260873e-07
1071,1421,2.1541645469118802e-07
1072,1422,2.1478387931971583e-07
1073,1423,2.141694009089859e-07
1074,1424,2.135750111949386e-07
1075,1425,2.1298731918516568e-07
1076,1426,2.1242147894857497e-07
1077,1427,2.118791618941984e-07
1078,1428,2.113447156266159e-07
1079,1429,2.10813267336135e-07
1080,1430,2.1030602142720075e-07
1081,1431,2.098172432542586e-07
1082,1432,2.0934756125265457e-07
1083,1433,2.0889609344568286e-07
1084,1434,2.0845744794201737e-07
1085,1435,2.0803823208537229e-07
1086,1436,2.0763438931451908e-07
1087,1437,2.0723286348895956e-07
1088,1438,2.068514810571642e-07
1089,1439,2.0649227527778378e-07
1090,1440,2.0614984268287467e-07
1091,1441,2.058130392587136e-07
1092,1442,2.0550738746971822e-07
1093,1443,2.0522963857835598e-07
1094,1444,2.0496356376075482e-07
1095,1445,2.0471778693655688e-07
1096,1446,2.0448563416529347e-07
1097,1447,2.0425754102202638e-07
1098,1448,2.0406005362158856e-07
1099,1449,2.0388818817746373e-07
1100,1450,2.0372704687858584e-07
1101,1451,2.0358745796938945e-07
1102,1452,2.0346180411177675e-07
1103,1453,2.0334291297651956e-07
1104,1454,2.0324566067422854e-07
1105,1455,2.0317484818173354e-07
1106,1456,2.0311578958747813e-07
1107,1457,2.030628851881962e-07
1108,1458,2.0303128542703797e-07
1109,1459,2.0301671245351913e-07
1110,1460,2.0301937498828774e-07
1111,1461,2.03040146652935e-07
1112,1462,2.0307335138613605e-07
1113,1463,2.031226356123256e-07
1114,1464,2.0318773110260656e-07
1115,1465,2.032499216076703e-07
1116,1466,2.033263210507053e-07
1117,1467,2.0340561460344236e-07
1118,1468,2.03491109571284e-07
1119,1469,2.035710656543827e-07
1120,1470,2.0366637694555853e-07
1121,1471,2.0374527054543837e-07
1122,1472,2.0381752916626075e-07
1123,1473,2.0388697185062437e-07
1124,1474,2.0394630798108543e-07
1125,1475,2.0401120255623185e-07
1126,1476,2.040721837506482e-07
1127,1477,2.041424645488125e-07
1128,1478,2.0421408512584093e-07
1129,1479,2.042866781856934e-07
1130,1480,2.0435687071220448e-07
1131,1481,2.0443240731463688e-07
1132,1482,2.0450717734986783e-07
1133,1483,2.0458769307731476e-07
1134,1484,2.046802773569552e-07
1135,1485,2.047591907921787e-07
1136,1486,2.048429438077012e-07
1137,1487,2.0492576682582114e-07
1138,1488,2.0499812752114333e-07
1139,1489,2.050784506063369e-07
1140,1490,2.051638852318934e-07
1141,1491,2.0524633642426222e-07
1142,1492,2.053301379253927e-07
1143,1493,2.0541402745574616e-07
1144,1494,2.0550262835272613e-07
1145,1495,2.0559667077864992e-07
1146,1496,2.0569437189616296e-07
1147,1497,2.0579074803642147e-07
1148,1498,2.0588799664327997e-07
1149,1499,2.0599527439122535e-07
1150,1500,2.0610560935625419e-07
1151,1501,2.062187913185116e-07
1152,1502,2.0633007472385387e-07
1153,1503,2.064466354521742e-07
1154,1504,2.065639207632532e-07
1155,1505,2.0667130046828589e-07
1156,1506,2.067825810046213e-07
1157,1507,2.068941615651501e-07
1158,1508,2.0700135660498194e-07
1159,1509,2.0711291520456888e-07
1160,1510,2.072261831441321e-07
1161,1511,2.0734270431688534e-07
1162,1512,2.0744522949771704e-07
1163,1513,2.075396667928718e-07
1164,1514,2.0764598840117496e-07
1165,1515,2.0774854878565746e-07
1166,1516,2.0787550229720697e-07
1167,1517,2.0802146395690915e-07
1168,1518,2.0815071399092348e-07
1169,1519,2.0829148418899336e-07
1170,1520,2.0842071802383603e-07
1171,1521,2.0853820972876383e-07
1172,1522,2.0865347840337527e-07
1173,1523,2.087644394774482e-07
1174,1524,2.0887375430432195e-07
1175,1525,2.089789485673628e-07
1176,1526,2.090833886013233e-07
1177,1527,2.0918802030781577e-07
1178,1528,2.0929324301829708e-07
1179,1529,2.093890723899203e-07
1180,1530,2.0949421082989777e-07
1181,1531,2.0959914388623576e-07
1182,1532,2.097114728735535e-07
1183,1533,2.0982992590947837e-07
1184,1534,2.099510453091797e-07
1185,1535,2.1007735176818158e-07
1186,1536,2.1020942991174308e-07
1187,1537,2.1034534818421703e-07
1188,1538,2.1047762057729632e-07
1189,1539,2.1061504360871507e-07
1190,1540,2.1075208831533423e-07
1191,1541,2.1089085630388036e-07
1192,1542,2.1102474887309995e-07
1193,1543,2.111536713026013e-07
1194,1544,2.1128733339264535e-07
1195,1545,2.114298717633386e-07
1196,1546,2.1155123604406514e-07
1197,1547,2.1166545983299209e-07
1198,1548,2.1178812141396203e-07
1199,1549,2.11889026085501e-07
1200,1550,2.120104460753321e-07
1201,1551,2.121413250004739e-07
1202,1552,2.1228503243495323e-07
1203,1553,2.1244270114892556e-07
1204,1554,2.126088134440049e-07
1205,1555,2.1279713723098145e-07
1206,1556,2.1298499902138527e-07
1207,1557,2.1317866733161167e-07
1208,1558,2.1337480796737264e-07
1209,1559,2.1357414163041998e-07
1210,1560,2.137807977143345e-07
1211,1561,2.1400397821885353e-07
1212,1562,2.1420729944607238e-07
1213,1563,2.144022850622022e-07
1214,1564,2.1460061002802379e-07
1215,1565,2.1478399137913263e-07
1216,1566,2.1497457780400823e-07
1217,1567,2.1517668353645787e-07
1218,1568,2.1537260944702986e-07
1219,1569,2.1556914458364647e-07
1220,1570,2.1576687418981216e-07
1221,1571,2.1595111974004473e-07
1222,1572,2.1616205360788443e-07
1223,1573,2.1637625048177644e-07
1224,1574,2.1660756201901518e-07
1225,1575,2.1686389257534348e-07
1226,1576,2.17127668323729e-07
1227,1577,2.1741302136972817e-07
1228,1578,2.1768486124141218e-07
1229,1579,2.1796277259216933e-07
1230,1580,2.1823895081758474e-07
1231,1581,2.1850567653532016e-07
1232,1582,2.1877027258308456e-07
1233,1583,2.1903694042108483e-07
1234,1584,2.1930318739424688e-07
1235,1585,2.195603152216542e-07
1236,1586,2.1980677243780605e-07
1237,1587,2.200540159238421e-07
1238,1588,2.202905259049161e-07
1239,1589,2.2054652989305506e-07
1240,1590,2.2080054593973425e-07
1241,1591,2.2107248547754799e-07
1242,1592,2.2136049946184813e-07
1243,1593,2.2165266826267132e-07
1244,1594,2.2195449685117065e-07
1245,1595,2.2225746610519056e-07
1246,1596,2.2257067554613876e-07
1247,1597,2.2288995189091274e-07
1248,1598,2.2321620397035112e-07
1249,1599,2.235324310161982e-07
1250,1600,2.238540462320366e-07
1251,1601,2.2418007280250512e-07
1252,1602,2.2449882212698233e-07
1253,1603,2.2481652086173702e-07
1254,1604,2.2514286090672025e-07
1255,1605,2.2545856161093895e-07
1256,1606,2.2576025741350432e-07
1257,1607,2.2606887844159832e-07
1258,1608,2.2637432012753157e-07
1259,1609,2.2670512253385645e-07
1260,1610,2.2705036832261682e-07
1261,1611,2.2739175984207037e-07
1262,1612,2.277421865425686e-07
1263,1613,2.2810001987771208e-07
1264,1614,2.2845816106860741e-07
1265,1615,2.2880514493795292e-07
1266,1616,2.2916794252582935e-07
1267,1617,2.2952689796134988e-07
1268,1618,2.2988017428097649e-07
1269,1619,2.302343521003005e-07
1270,1620,2.3058847365243011e-07
1271,1621,2.309527208529005e-07
1272,1622,2.3131190770196988e-07
1273,1623,2.3167172048500776e-07
1274,1624,2.3204366378320746e-07
1275,1625,2.3241924548029547e-07
1276,1626,2.3279136737443186e-07
1277,1627,2.33171662679321e-07
1278,1628,2.3355731310052616e-07
1279,1629,2.3395419345249748e-07
1280,1630,2.343580168975483e-07
1281,1631,2.3475933918690177e-07
1282,1632,2.3517091238042127e-07
1283,1633,2.3558484789307575e-07
1284,1634,2.3599801524220208e-07
1285,1635,2.3641473680519583e-07
1286,1636,2.3684432161135553e-07
1287,1637,2.3727459009936759e-07
1288,1638,2.377013845914023e-07
1289,1639,2.3815291774764977e-07
1290,1640,2.386237544497692e-07
1291,1641,2.391081136269821e-07
1292,1642,2.396127313916169e-07
1293,1643,2.401079445041987e-07
1294,1644,2.4061071863736836e-07
1295,1645,2.4111055271700647e-07
1296,1646,2.4159743734283745e-07
1297,1647,2.420956803705652e-07
1298,1648,2.42608408042253e-07
1299,1649,2.431202772142261e-07
1300,1650,2.4362949546375116e-07
1301,1651,2.4416151746132885e-07
1302,1652,2.4470149336428545e-07
1303,1653,2.4526531573349424e-07
1304,1654,2.4584157139286745e-07
1305,1655,2.464340765121716e-07
1306,1656,2.470415119540533e-07
1307,1657,2.4766561680574086e-07
1308,1658,2.482949225136086e-07
1309,1659,2.4895834549608767e-07
1310,1660,2.4963887971494924e-07
1311,1661,2.503630351297329e-07
1312,1662,2.5108978277814176e-07
1313,1663,2.5180113381749045e-07
1314,1664,2.5252615171821804e-07
1315,1665,2.5323933062503976e-07
1316,1666,2.5391869962066083e-07
1317,1667,2.54575306114467e-07
1318,1668,2.552183659807808e-07
1319,1669,2.5579772147206686e-07
1320,1670,2.5634129186843435e-07
1321,1671,2.5684505691674374e-07
1322,1672,2.5731055356374083e-07
1323,1673,2.5776919924060354e-07
1324,1674,2.582035186975951e-07
1325,1675,2.586400693380827e-07
1326,1676,2.5907288708344317e-07
1327,1677,2.594995905129831e-07
1328,1678,2.5995049950275784e-07
1329,1679,2.604428580596997e-07
1330,1680,2.6095252746402553e-07
1331,1681,2.6149138980777234e-07
1332,1682,2.6202249683695507e-07
1333,1683,2.625358453885008e-07
1334,1684,2.630697289196603e-07
1335,1685,2.6362738587472656e-07
1336,1686,2.641833252977751e-07
1337,1687,2.647591071860484e-07
1338,1688,2.653523822096671e-07
1339,1689,2.659458025737665e-07
1340,1690,2.665262436422483e-07
1341,1691,2.670960955037182e-07
1342,1692,2.6768076971586053e-07
1343,1693,2.682470978956395e-07
1344,1694,2.688305721982633e-07
1345,1695,2.694240994247211e-07
1346,1696,2.700055077330123e-07
1347,1697,2.705860753106371e-07
1348,1698,2.711572142204752e-07
1349,1699,2.717262108171763e-07
1350,1700,2.722960000161179e-07
1351,1701,2.728610357532207e-07
1352,1702,2.734164678916703e-07
1353,1703,2.7396238566150417e-07
1354,1704,2.7451196500043026e-07
1355,1705,2.750572362371517e-07
1356,1706,2.7559234135771145e-07
1357,1707,2.760997433186768e-07
1358,1708,2.7666184780521336e-07
1359,1709,2.772360245804936e-07
1360,1710,2.778234805568911e-07
1361,1711,2.7845870952912353e-07
1362,1712,2.7909535874700063e-07
1363,1713,2.7972558298004983e-07
1364,1714,2.8037951058340913e-07
1365,1715,2.810586365993654e-07
1366,1716,2.8173209309084105e-07
1367,1717,2.8240810690466963e-07
1368,1718,2.8308975498950234e-07
1369,1719,2.837567351221281e-07
1370,1720,2.84462822259238e-07
1371,1721,2.8521009126452776e-07
1372,1722,2.859121623610624e-07
1373,1723,2.866055108692484e-07
1374,1724,2.8732729718409754e-07
1375,1725,2.88027739818316e-07
1376,1726,2.887470538463923e-07
1377,1727,2.895070235493774e-07
1378,1728,2.9026213350523786e-07
1379,1729,2.909965123838342e-07
1380,1730,2.9175324708433354e-07
1381,1731,2.925542837878035e-07
1382,1732,2.9332598845082164e-07
1383,1733,2.940842612309206e-07
1384,1734,2.948436046576636e-07
1385,1735,2.9559055347780457e-07
1386,1736,2.9634486129752956e-07
1387,1737,2.9709760914548637e-07
1388,1738,2.978661006285753e-07
1389,1739,2.986356716931655e-07
1390,1740,2.993804590983662e-07
1391,1741,3.001282863537006e-07
1392,1742,3.0085671977120446e-07
1393,1743,3.015571194802937e-07
1394,1744,3.0229641014286254e-07
1395,1745,3.03033564183767e-07
1396,1746,3.0375907514720045e-07
1397,1747,3.0453543006841415e-07
1398,1748,3.053191631839864e-07
1399,1749,3.061313954476473e-07
1400,1750,3.0697000793752066e-07
1401,1751,3.077957417287756e-07
1402,1752,3.086705462868717e-07
1403,1753,3.095357373793051e-07
1404,1754,3.104169517777219e-07
1405,1755,3.113712710114193e-07
1406,1756,3.1229570384854997e-07
1407,1757,3.131976876557167e-07
1408,1758,3.141107809869491e-07
1409,1759,3.1501838603592753e-07
1410,1760,3.1595307255948114e-07
1411,1761,3.16937844151893e-07
1412,1762,3.179434108545462e-07
1413,1763,3.189517339927945e-07
1414,1764,3.1998677870601573e-07
1415,1765,3.2103427708958296e-07
1416,1766,3.2207110782177884e-07
1417,1767,3.2312922320032916e-07
1418,1768,3.2421554630185773e-07
1419,1769,3.253025312092593e-07
1420,1770,3.2642311761403754e-07
1421,1771,3.2758034323564584e-07
1422,1772,3.2877257222483967e-07
1423,1773,3.299494672834294e-07
1424,1774,3.3113761101584365e-07
1425,1775,3.323550865803329e-07
1426,1776,3.3357300039461123e-07
1427,1777,3.3483741430972876e-07
1428,1778,3.361615351926035e-07
1429,1779,3.3748468395512835e-07
1430,1780,3.3881390747118324e-07
1431,1781,3.401542204980639e-07
1432,1782,3.4153455497220596e-07
1433,1783,3.4296395425719795e-07
1434,1784,3.444078568138021e-07
1435,1785,3.4592615922803394e-07
1436,1786,3.475489792918132e-07
1437,1787,3.492530388733974e-07
1438,1788,3.5111647004835223e-07
1439,1789,3.5308907417072295e-07
1440,1790,3.5515353562412263e-07
1441,1791,3.574288753397117e-07
1442,1792,3.598448220850352e-07
1443,1793,3.624310423917171e-07
1444,1794,3.6531798580456625e-07
1445,1795,3.6843052170834915e-07
1446,1796,3.717992221789214e-07
1447,1797,3.755412958251809e-07
1448,1798,3.7967144195634715e-07
1449,1799,3.842600202792487e-07
1450,1800,3.8928929446102764e-07
1451,1801,1.327355664052642e-07
1452,1802,1.311708914842176e-07
1453,1803,1.2968519038715183e-07
1454,1804,1.282365227062674e-07
1455,1805,1.2686792698878904e-07
1456,1806,1.2556446763500556e-07
1457,1807,1.24300238574067e-07
1458,1808,1.2310990280235835e-07
1459,1809,1.219708299763894e-07
1460,1810,1.2092134294345097e-07
1461,1811,1.1994052555117575e-07
1462,1812,1.1901161169856656e-07
1463,1813,1.1815923381944958e-07
1464,1814,1.1736276810874296e-07
1465,1815,1.165916269689492e-07
1466,1816,1.1583114692391125e-07
1467,1817,1.1510329546838036e-07
1468,1818,1.1441646111104528e-07
1469,1819,1.1373846073606493e-07
1470,1820,1.1308397850315526e-07
1471,1821,1.1243029421134123e-07
1472,1822,1.1178344509315297e-07
1473,1823,1.1115618276484965e-07
1474,1824,1.1054707156473967e-07
1475,1825,1.0993741141471625e-07
1476,1826,1.0935536559115713e-07
1477,1827,1.0878842869541177e-07
1478,1828,1.0823873332961741e-07
1479,1829,1.0770973026441554e-07
1480,1830,1.0718861591913812e-07
1481,1831,1.0670096761481486e-07
1482,1832,1.0620786810386779e-07
1483,1833,1.0572576966134187e-07
1484,1834,1.0522578514479845e-07
1485,1835,1.0472333120702328e-07
1486,1836,1.0421293248754928e-07
1487,1837,1.0368741617230132e-07
1488,1838,1.0316637803893286e-07
1489,1839,1.0259500972324199e-07
1490,1840,1.0198938292710105e-07
1491,1841,1.013886466005349e-07
1492,1842,1.0074551584694346e-07
1493,1843,1.0011406069123291e-07
1494,1844,9.952997227201984e-08
1495,1845,9.893650052736608e-08
1496,1846,9.836273264961504e-08
1497,1847,9.779191853985614e-08
1498,1848,9.721141625649902e-08
1499,1849,9.661186936317849e-08
1500,1850,9.605174716525719e-08
1501,1851,9.550471953356205e-08
1502,1852,9.495789256990815e-08
1503,1853,9.443456183523811e-08
1504,1854,9.393466148227246e-08
1505,1855,9.340214590567434e-08
1506,1856,9.289169469506376e-08
1507,1857,9.240830708633303e-08
1508,1858,9.192886664525279e-08
1509,1859,9.150318949220887e-08
1510,1860,9.110117520618302e-08
1511,1861,9.075759598649666e-08
1512,1862,9.045796875414703e-08
1513,1863,9.020399837808272e-08
1514,1864,8.999981394834921e-08
1515,1865,8.981402983486107e-08
1516,1866,8.965878599597053e-08
1517,1867,8.950440454359148e-08
1518,1868,8.930773066311279e-08
1519,1869,8.913264706122914e-08
1520,1870,8.886434504021723e-08
1521,1871,8.855367172535863e-08
1522,1872,8.81809369281861e-08
1523,1873,8.773087689804165e-08
1524,1874,8.723406496150198e-08
1525,1875,8.666602842064463e-08
1526,1876,8.607653916012801e-08
1527,1877,8.54741214393314e-08
1528,1878,8.487262363525867e-08
1529,1879,8.431742466502915e-08
1530,1880,8.376497280138851e-08
1531,1881,8.327399229961406e-08
1532,1882,8.282536995402254e-08
1533,1883,8.240667845289401e-08
1534,1884,8.202913810729374e-08
1535,1885,8.169144560583658e-08
1536,1886,8.138081404615057e-08
1537,1887,8.11094811746499e-08
1538,1888,8.088668399296744e-08
1539,1889,8.069192377536868e-08
1540,1890,8.050570770875691e-08
1541,1891,8.034129713797167e-08
1542,1892,8.019227383323268e-08
1543,1893,8.004241906393792e-08
1544,1894,7.991287358055176e-08
1545,1895,7.982454878379105e-08
1546,1896,7.974823017960855e-08
1547,1897,7.969271006815774e-08
1548,1898,7.964758736367924e-08
1549,1899,7.956323436855485e-08
1550,1900,7.947493966554928e-08
1551,1901,7.938901849975073e-08
1552,1902,7.927169405513941e-08
1553,1903,7.912833082044671e-08
1554,1904,7.898381433301049e-08
1555,1905,7.880736826030274e-08
1556,1906,7.85665833446773e-08
1557,1907,7.833208710756581e-08
1558,1908,7.808590219261853e-08
1559,1909,7.783210788038947e-08
1560,1910,7.762710899754188e-08
1561,1911,7.742080200179605e-08
1562,1912,7.721324703597824e-08
1563,1913,7.701777604463836e-08
1564,1914,7.684273149334645e-08
1565,1915,7.664337459780616e-08
1566,1916,7.644712418392413e-08
1567,1917,7.627673528548981e-08
1568,1918,7.608963937366819e-08
1569,1919,7.590911715410685e-08
1570,1920,7.573611998892013e-08
1571,1921,7.551596109780182e-08
1572,1922,7.530205824681735e-08
1573,1923,7.509653424871241e-08
1574,1924,7.487916554028539e-08
1575,1925,7.464571723058164e-08
1576,1926,7.444811397053057e-08
1577,1927,7.424910271138274e-08
1578,1928,7.402441917793065e-08
1579,1929,7.382125061827021e-08
1580,1930,7.361915800288941e-08
1581,1931,7.340398201658693e-08
1582,1932,7.322070531152589e-08
1583,1933,7.305592360087868e-08
1584,1934,7.289230475704956e-08
1585,1935,7.273667812972506e-08
1586,1936,7.259881872775979e-08
1587,1937,7.245499443978968e-08
1588,1938,7.230509392598929e-08
1589,1939,7.21612672596099e-08
1590,1940,7.202031019752328e-08
1591,1941,7.188518452754151e-08
1592,1942,7.175298076489452e-08
1593,1943,7.162434558779458e-08
1594,1944,7.149128897741854e-08
1595,1945,7.134923443477804e-08
1596,1946,7.121781791007755e-08
1597,1947,7.108846317838763e-08
1598,1948,7.096354199095172e-08
1599,1949,7.084374344567978e-08
1600,1950,7.073432606725388e-08
1601,1951,7.062763386737273e-08
1602,1952,7.051870057436106e-08
1603,1953,7.041166515944087e-08
1604,1954,7.030893609677763e-08
1605,1955,7.020607198091719e-08
1606,1956,7.009845057794454e-08
1607,1957,6.999370114748445e-08
1608,1958,6.988717296825649e-08
1609,1959,6.978695835992033e-08
1610,1960,6.968906091831124e-08
1611,1961,6.959665600649158e-08
1612,1962,6.950782205697453e-08
1613,1963,6.9424721681659e-08
1614,1964,6.934798441368625e-08
1615,1965,6.926523197479456e-08
1616,1966,6.919200406015324e-08
1617,1967,6.912920440041776e-08
1618,1968,6.907317533136376e-08
1619,1969,6.903045707526195e-08
1620,1970,6.899071896445014e-08
1621,1971,6.896260766666415e-08
1622,1972,6.893725889940392e-08
1623,1973,6.891800117637952e-08
1624,1974,6.890125221649306e-08
1625,1975,6.888506968388885e-08
1626,1976,6.887123767667476e-08
1627,1977,6.885897840998407e-08
1628,1978,6.88473446058407e-08
1629,1979,6.883740511291715e-08
1630,1980,6.88295767772505e-08
1631,1981,6.881116091471677e-08
1632,1982,6.878017028639585e-08
1633,1983,6.87639900530022e-08
1634,1984,6.875283422173034e-08
1635,1985,6.873932425755708e-08
1636,1986,6.873159197226394e-08
1637,1987,6.872661650109266e-08
1638,1988,6.871015146424705e-08
1639,1989,6.86932803810603e-08
1640,1990,6.868350783700973e-08
1641,1991,6.867505587153577e-08
1642,1992,6.866798644914273e-08
1643,1993,6.86615904360464e-08
1644,1994,6.865673625407288e-08
1645,1995,6.865147629870243e-08
1646,1996,6.864936799394076e-08
1647,1997,6.865018404848388e-08
1648,1998,6.864616333801575e-08
1649,1999,6.864103288429227e-08
1650,2000,6.863185387549942e-08
1651,2001,6.862471137154029e-08
1652,2002,6.862501008729293e-08
1653,2003,6.862667727515782e-08
1654,2004,6.862968572433199e-08
1655,2005,6.862909040521134e-08
1656,2006,6.86236085832561e-08
1657,2007,6.862287103936748e-08
1658,2008,6.861871459572983e-08
1659,2009,6.86260175868897e-08
1660,2010,6.864438900894864e-08
1661,2011,6.865995739314142e-08
1662,2012,6.86795070184076e-08
1663,2013,6.869472586335169e-08
1664,2014,6.870665526610746e-08
1665,2015,6.872201687776103e-08
1666,2016,6.873806687258663e-08
1667,2017,6.875514436308289e-08
1668,2018,6.877246667892066e-08
1669,2019,6.879304964226853e-08
1670,2020,6.881165037535509e-08
1671,2021,6.882730683378725e-08
1672,2022,6.884587733043265e-08
1673,2023,6.886528005807226e-08
1674,2024,6.888244907758788e-08
1675,2025,6.88940677018887e-08
1676,2026,6.891068927077028e-08
1677,2027,6.893053571778831e-08
1678,2028,6.894674730661416e-08
1679,2029,6.897240862737815e-08
1680,2030,6.89986198367424e-08
1681,2031,6.901948328704054e-08
1682,2032,6.904183863239011e-08
1683,2033,6.906255508355009e-08
1684,2034,6.907892774007682e-08
1685,2035,6.910523667411973e-08
1686,2036,6.913724724604805e-08
1687,2037,6.916308218258509e-08
1688,2038,6.919284341046145e-08
1689,2039,6.92200252316532e-08
1690,2040,6.924561914357664e-08
1691,2041,6.927177977865762e-08
1692,2042,6.92942003037369e-08
1693,2043,6.932208178804055e-08
1694,2044,6.934822812739958e-08
1695,2045,6.937589077466368e-08
1696,2046,6.940165008536373e-08
1697,2047,6.942717427510104e-08
1698,2048,6.945693737342455e-08
1699,2049,6.948952088470203e-08
1700,2050,6.951673350232585e-08
1701,2051,6.954028184974605e-08
1702,2052,6.956600098872526e-08
1703,2053,6.958649007845017e-08
1704,2054,6.961538753816079e-08
1705,2055,6.965104712091973e-08
1706,2056,6.96864016755464e-08
1707,2057,6.971951724348309e-08
1708,2058,6.974695300984834e-08
1709,2059,6.977370181242382e-08
1710,2060,6.979423340920263e-08
1711,2061,6.982769997153558e-08
1712,2062,6.98706353285679e-08
1713,2063,6.990586250613864e-08
1714,2064,6.99446083534173e-08
1715,2065,6.997429145354169e-08
1716,2066,6.99962590279669e-08
1717,2067,7.002192365378315e-08
1718,2068,7.004690650946051e-08
1719,2069,7.007949817836954e-08
1720,2070,7.011535241594014e-08
1721,2071,7.015701566553607e-08
1722,2072,7.019737083916824e-08
1723,2073,7.024110669153064e-08
1724,2074,7.028079941119358e-08
1725,2075,7.031471293839796e-08
1726,2076,7.035289847329382e-08
1727,2077,7.03900419764085e-08
1728,2078,7.043312072504963e-08
1729,2079,7.04810962748279e-08
1730,2080,7.052476298408232e-08
1731,2081,7.056668816349306e-08
1732,2082,7.061246556808937e-08
1733,2083,7.06545254065539e-08
1734,2084,7.070111052257278e-08
1735,2085,7.074875568224887e-08
1736,2086,7.079902900667361e-08
1737,2087,7.085375252744111e-08
1738,2088,7.091419891705919e-08
1739,2089,7.097238318144748e-08
1740,2090,7.103075261992546e-08
1741,2091,7.108893817086385e-08
1742,2092,7.114664793672917e-08
1743,2093,7.120363787893861e-08
1744,2094,7.125736285437919e-08
1745,2095,7.131558285734633e-08
1746,2096,7.138063291931613e-08
1747,2097,7.14406845486897e-08
1748,2098,7.150263760437198e-08
1749,2099,7.156566542574417e-08
1750,2100,7.161930049711497e-08
1751,2101,7.168719048445899e-08
1752,2102,7.176461606443155e-08
1753,2103,7.184682263936069e-08
1754,2104,7.192370900582145e-08
1755,2105,7.200449305431365e-08
1756,2106,7.207920988844088e-08
1757,2107,7.215204765823271e-08
1758,2108,7.222854039888525e-08
1759,2109,7.230018647255321e-08
1760,2110,7.238081971415089e-08
1761,2111,7.246481497049887e-08
1762,2112,7.254464412487527e-08
1763,2113,7.263441682779466e-08
1764,2114,7.271842160116393e-08
1765,2115,7.279861506833979e-08
1766,2116,7.287808921706787e-08
1767,2117,7.29506658970128e-08
1768,2118,7.303180586630726e-08
1769,2119,7.311258550045383e-08
1770,2120,7.319421731795684e-08
1771,2121,7.329033429395931e-08
1772,2122,7.337697542894852e-08
1773,2123,7.346810470212398e-08
1774,2124,7.35600710605347e-08
1775,2125,7.365428093251346e-08
1776,2126,7.374851958427802e-08
1777,2127,7.384684340563598e-08
1778,2128,7.39549422292525e-08
1779,2129,7.405624445235389e-08
1780,2130,7.416036198166082e-08
1781,2131,7.425542745374668e-08
1782,2132,7.434214750527152e-08
1783,2133,7.442846844762091e-08
1784,2134,7.450526616248591e-08
1785,2135,7.459903460750092e-08
1786,2136,7.469751200785393e-08
1787,2137,7.479988668264405e-08
1788,2138,7.491924323699474e-08
1789,2139,7.503524241517262e-08
1790,2140,7.514306409671432e-08
1791,2141,7.524480158847057e-08
1792,2142,7.535063573301387e-08
1793,2143,7.544592517221473e-08
1794,2144,7.555120472029673e-08
1795,2145,7.56647937957845e-08
1796,2146,7.576873624847284e-08
1797,2147,7.586953902620421e-08
1798,2148,7.597752501562881e-08
1799,2149,7.608090697481844e-08
1800,2150,7.619433548398065e-08
1801,2151,7.632263796499022e-08
1802,2152,7.644770220692516e-08
1803,2153,7.65878546466041e-08
1804,2154,7.67100320930763e-08
1805,2155,7.681568802925391e-08
1806,2156,7.69260531667205e-08
1807,2157,7.70176336255281e-08
1808,2158,7.711529428977969e-08
1809,2159,7.722638330891987e-08
1810,2160,7.735011275970254e-08
1811,2161,7.747172627731162e-08
1812,2162,7.759911247323159e-08
1813,2163,7.772005246467768e-08
1814,2164,7.783940693826304e-08
1815,2165,7.796614071674879e-08
1816,2166,7.809579108986641e-08
1817,2167,7.822688686953282e-08
1818,2168,7.836235991937238e-08
1819,2169,7.850966792836466e-08
1820,2170,7.86547533337554e-08
1821,2171,7.88109977874486e-08
1822,2172,7.8989375441267e-08
1823,2173,7.916385795117986e-08
1824,2174,7.932823881783845e-08
1825,2175,7.95117885432808e-08
1826,2176,7.97059014020506e-08
1827,2177,7.990912519712068e-08
1828,2178,8.012336202342771e-08
1829,2179,8.034506003658764e-08
1830,2180,8.057814789203357e-08
1831,2181,8.081062833066542e-08
1832,2182,8.106728969756965e-08
1833,2183,8.133394247556689e-08
1834,2184,8.162689827742168e-08
1835,2185,8.193643676874813e-08
1836,2186,8.227446411432687e-08
1837,2187,8.264367254068116e-08
1838,2188,8.303255584925408e-08
1839,2189,8.34416638079129e-08
1840,2190,8.38799531786905e-08
1841,2191,8.433653849971789e-08
1842,2192,8.483335199905365e-08
1843,2193,8.53850877208393e-08
1844,2194,8.593435152736684e-08
1845,2195,8.651721281730653e-08
1846,2196,8.710069442720916e-08
1847,2197,8.768683611740062e-08
1848,2198,8.828664638655327e-08
1849,2199,8.890980072986808e-08
1850,2200,8.953154399281047e-08
1851,2201,9.01417174367264e-08
1852,2202,9.076193528115087e-08
1853,2203,9.135032634881992e-08
1854,2204,9.193170271625898e-08
1855,2205,9.248123326024369e-08
1856,2206,9.30246260308341e-08
1857,2207,9.350456501611341e-08
1858,2208,9.39495093322208e-08
1859,2209,9.43428225543118e-08
1860,2210,9.465824803180986e-08
1861,2211,9.49651293835085e-08
1862,2212,9.523779423981208e-08
1863,2213,9.547380203755429e-08
1864,2214,9.567084990904719e-08
1865,2215,9.584848561237159e-08
1866,2216,9.597735092610244e-08
1867,2217,9.610367297861602e-08
1868,2218,9.620542482850623e-08
1869,2219,9.630770647287765e-08
1870,2220,9.638532848243538e-08
1871,2221,9.647365381372422e-08
1872,2222,9.655648867748049e-08
1873,2223,9.665417565527914e-08
1874,2224,9.677100363390218e-08
1875,2225,9.688728620602988e-08
1876,2226,9.700665163417565e-08
1877,2227,9.713295101522299e-08
1878,2228,9.726243002193508e-08
1879,2229,9.73844146503074e-08
1880,2230,9.752883698890473e-08
1881,2231,9.768797061257553e-08
1882,2232,9.786700484769208e-08
1883,2233,9.806551991292688e-08
1884,2234,9.82659875260619e-08
1885,2235,9.847693925025315e-08
1886,2236,9.870465899938606e-08
1887,2237,9.894551608746516e-08
1888,2238,9.919080135393044e-08
1889,2239,9.945894072094321e-08
1890,2240,9.972578050179554e-08
1891,2241,9.999534416262264e-08
1892,2242,1.0026384598082333e-07
1893,2243,1.0054386981501844e-07
1894,2244,1.0081830521800983e-07
1895,2245,1.0107690795683394e-07
1896,2246,1.0134406181888204e-07
1897,2247,1.0161286845322285e-07
1898,2248,1.0189419475209591e-07
1899,2249,1.0219020123800841e-07
1900,2250,1.0247484262282278e-07
1901,2251,1.0276338656542842e-07
1902,2252,1.0305182494501986e-07
1903,2253,1.0331470854520094e-07
1904,2254,1.035762902569801e-07
1905,2255,1.0382707061055465e-07
1906,2256,1.0406006001407234e-07
1907,2257,1.0431346365936147e-07
1908,2258,1.0456816018335299e-07
1909,2259,1.0483180131595921e-07
1910,2260,1.0510608166024825e-07
1911,2261,1.0538638947586923e-07
1912,2262,1.0567298901241307e-07
1913,2263,1.0595692825729873e-07
1914,2264,1.0625046484198465e-07
1915,2265,1.065387674161735e-07
1916,2266,1.0681976410287576e-07
1917,2267,1.0711355629810386e-07
1918,2268,1.0742031278412957e-07
1919,2269,1.0773191499238947e-07
1920,2270,1.080400920410146e-07
1921,2271,1.0837296293872447e-07
1922,2272,1.0871596970695863e-07
1923,2273,1.0907651878546689e-07
1924,2274,1.0946858866247115e-07
1925,2275,1.098395619576076e-07
1926,2276,1.1021530182790058e-07
1927,2277,1.105880466669886e-07
1928,2278,1.1092712161993743e-07
1929,2279,1.1131075696266292e-07
1930,2280,1.1172632457569849e-07
1931,2281,1.1214672541719238e-07
1932,2282,1.1258937012365112e-07
1933,2283,1.1304675687626052e-07
1934,2284,1.1348902522964088e-07
1935,2285,1.1393092799226145e-07
1936,2286,1.143972780378616e-07
1937,2287,1.1485187831077559e-07
1938,2288,1.1531835009390422e-07
1939,2289,1.1580078688998433e-07
1940,2290,1.1627646258986998e-07
1941,2291,1.167481417583631e-07
1942,2292,1.1723806262568486e-07
1943,2293,1.1774040389495394e-07
1944,2294,1.1824808382454822e-07
1945,2295,1.1876571698673422e-07
1946,2296,1.1928486800256897e-07
1947,2297,1.1979543988872055e-07
1948,2298,1.2036054484670262e-07
1949,2299,1.209558089898895e-07
1950,2300,1.2156070962531005e-07
1951,2301,1.2223559837604293e-07
1952,2302,1.2285799346360122e-07
1953,2303,1.234379438217693e-07
1954,2304,1.240601136432031e-07
1955,2305,1.246730503719748e-07
1956,2306,1.253185658114199e-07
1957,2307,1.2601767416095033e-07
1958,2308,1.266836823152963e-07
1959,2309,1.273344661110642e-07
1960,2310,1.2802315209830532e-07
1961,2311,1.2871431673736447e-07
1962,2312,1.294235726888436e-07
1963,2313,1.301612946177401e-07
1964,2314,1.309157977830434e-07
1965,2315,1.3168208437898476e-07
1966,2316,1.3247155751201927e-07
1967,2317,1.3329833385485262e-07
1968,2318,1.3412935450884772e-07
1969,2319,1.3499001014805035e-07
1970,2320,1.358355357882963e-07
1971,2321,1.3667965634171363e-07
1972,2322,1.3752294143026114e-07
1973,2323,1.3833365209362116e-07
1974,2324,1.3920211838583095e-07
1975,2325,1.401073416776807e-07
1976,2326,1.4101603914718829e-07
1977,2327,1.4197722066631315e-07
1978,2328,1.429452135858445e-07
1979,2329,1.439043179148777e-07
1980,2330,1.4488307836936855e-07
1981,2331,1.4588403933927314e-07
1982,2332,1.4688833030708345e-07
1983,2333,1.4789474372653934e-07
1984,2334,1.489573639830262e-07
1985,2335,1.5000037279172767e-07
1986,2336,1.5104512960295056e-07
1987,2337,1.521387325910299e-07
1988,2338,1.5319130886332186e-07
1989,2339,1.5426311262372274e-07
1990,2340,1.5537131038572028e-07
1991,2341,1.5653602444304953e-07
1992,2342,1.577456794717615e-07
1993,2343,1.5893090672906305e-07
1994,2344,1.6013584289057246e-07
1995,2345,1.613274044494676e-07
1996,2346,1.6246556702950106e-07
1997,2347,1.6368171856602167e-07
1998,2348,1.6493960686616776e-07
1999,2349,1.662325867203253e-07
2000,2350,1.6761257319740857e-07
2001,2351,1.688900714100506e-07
2002,2352,1.701315622494598e-07
2003,2353,1.7143186951150525e-07
2004,2354,1.726906490044846e-07
2005,2355,1.740152594107039e-07
2006,2356,1.7543524886951909e-07
2007,2357,1.7682188406237023e-07
2008,2358,1.7819162976561174e-07
2009,2359,1.7959876520340306e-07
2010,2360,1.810232592543151e-07
2011,2361,1.8251109181094524e-07
2012,2362,1.840318602493669e-07
2013,2363,1.8557233276137036e-07
2014,2364,1.8720488584263144e-07
2015,2365,1.8875397921300706e-07
2016,2366,1.9025286259948194e-07
2017,2367,1.9186143307434544e-07
2018,2368,1.9347371949480927e-07
2019,2369,1.9513937387588994e-07
2020,2370,1.9693304904060464e-07
2021,2371,1.9861718337360772e-07
2022,2372,2.0022278823041793e-07
2023,2373,2.0193760516430058e-07
2024,2374,2.0367888150443067e-07
2025,2375,2.0542089891151468e-07
2026,2376,2.0719701944844207e-07
2027,2377,2.090519276882855e-07
2028,2378,2.1094023922469807e-07
2029,2379,2.1287430480606341e-07
2030,2380,2.1495221814542396e-07
2031,2381,2.1693347875342425e-07
2032,2382,2.1882843592568755e-07
2033,2383,2.208620980952862e-07
2034,2384,2.2291743784528015e-07
2035,2385,2.250245919211918e-07
2036,2386,2.2724842259264216e-07
2037,2387,2.2943154932664978e-07
2038,2388,2.3161451704834355e-07
2039,2389,2.3383439260573615e-07
2040,2390,2.3607241821395418e-07
2041,2391,2.384288685477665e-07
2042,2392,2.408530909906381e-07
2043,2393,2.4325210772290104e-07
2044,2394,2.457681368375041e-07
2045,2395,2.481670676223496e-07
2046,2396,2.50369757820942e-07
2047,2397,2.5281833585069584e-07
2048,2398,2.5534880350298036e-07
2049,2399,2.579808329542316e-07
2050,2400,2.608614329537165e-07
2051,2401,2.636337629071309e-07
2052,2402,2.6645489648831553e-07
2053,2403,2.691899057081078e-07
2054,2404,2.71907819878641e-07
2055,2405,2.7461081263478653e-07
2056,2406,2.7712509136967295e-07
2057,2407,2.7988532927924797e-07
2058,2408,2.8271604747538786e-07
2059,2409,2.855458836927534e-07
2060,2410,2.8860096645155643e-07
2061,2411,2.9159345266268926e-07
2062,2412,2.9450634945902335e-07
2063,2413,2.9754843790848133e-07
2064,2414,3.0069221666332057e-07
2065,2415,3.037683229554004e-07
2066,2416,3.067711785113414e-07
2067,2417,3.1000595896975887e-07
2068,2418,3.133337430542186e-07
2069,2419,3.1660110143121477e-07
2070,2420,3.2006090829027325e-07
2071,2421,3.2349911276328443e-07
2072,2422,3.2690325214992334e-07
2073,2423,3.302227630855672e-07
2074,2424,3.334242012288704e-07
2075,2425,3.367167519890401e-07
2076,2426,3.399534742054291e-07
2077,2427,3.4334361463136325e-07
2078,2428,3.4696411465234907e-07
2079,2429,3.504942107657112e-07
2080,2430,3.538904384469872e-07
2081,2431,3.575286196452004e-07
2082,2432,3.613420264209243e-07
2083,2433,3.650805944477491e-07
2084,2434,3.689266077108848e-07
2085,2435,3.7274158828565866e-07
2086,2436,3.764096989767908e-07
2087,2437,3.8037523237803756e-07
2088,2438,3.846627053765374e-07
2089,2439,3.883328743848668e-07
2090,2440,3.922591959772996e-07
2091,2441,3.9606175658331144e-07
2092,2442,3.9973162057379557e-07
2093,2443,4.03547726558966e-07
2094,2444,4.07323645991101e-07
2095,2445,4.106595945601799e-07
2096,2446,4.141822915540003e-07
2097,2447,4.183533810870217e-07
2098,2448,4.227074911157352e-07
2099,2449,4.274740976769605e-07
2100,2450,4.321828407577861e-07
2101,2451,4.3637444579396746e-07
2102,2452,4.403407276636623e-07
2103,2453,4.441756661367642e-07
2104,2454,4.485184373329809e-07
2105,2455,4.5358015311680647e-07
2106,2456,4.5873052710091777e-07
2107,2457,4.6391026681219733e-07
2108,2458,4.68638660928651e-07
2109,2459,4.727378406007209e-07
2110,2460,4.773312848316121e-07
2111,2461,4.819502621457621e-07
2112,2462,4.865478896171943e-07
2113,2463,4.913846195080659e-07
2114,2464,4.961141781129782e-07
2115,2465,5.011384283238884e-07
2116,2466,5.063858967508321e-07
2117,2467,5.126629741291048e-07
2118,2468,5.184304097326111e-07
2119,2469,5.233210219725871e-07
2120,2470,5.293542614106226e-07
2121,2471,5.344914670805759e-07
2122,2472,5.397627972806212e-07
2123,2473,5.464963780639582e-07
2124,2474,5.523913746195257e-07
2125,2475,5.577611538748849e-07
2126,2476,5.638082082359994e-07
2127,2477,5.699855297132387e-07
2128,2478,5.761923119827464e-07
2129,2479,5.835114934841038e-07
2130,2480,5.899584082415334e-07
2131,2481,5.960355145249877e-07
2132,2482,6.026838638768596e-07
2133,2483,6.087096486689155e-07
2134,2484,6.165726841400521e-07
2135,2485,6.243208961281366e-07
2136,2486,6.316163442171349e-07
2137,2487,6.400189373004523e-07
2138,2488,6.473250284409012e-07
2139,2489,6.548854545204108e-07
2140,2490,6.630387609858626e-07
2141,2491,6.711171214826689e-07
2142,2492,6.795719873559231e-07
2143,2493,6.882162116780979e-07
2144,2494,6.968693182219632e-07
2145,2495,7.057802997732829e-07
2146,2496,7.153573563570066e-07
2147,2497,7.235573993867475e-07
2148,2498,7.32122959236276e-07
2149,2499,7.425797106051423e-07
2150,2500,7.520551698588598e-07
